266,34,40,70,11,0,24,130,13,51,-9,24,113,13,-30,24,97,72,1599,0,-1,-1,12,10118,10150,24,10077,1,61,2,83,11,3,72,92,5,46,16,20
283,10,20,30,9,10,4,60,10,88,16,5,143,16,5,6,17,12,1306,0,-1,-1,17,10172,10189,24,10163,3,1,4,62,13,7,80,97,5,54,13,19
103,44,45,80,13,10,1,130,14,205,137,4,261,13,115,6,104,69,2202,0,0,0,1,10181,10193,6,10169,17,56,1,81,14,2,49,84,1,22,14,40
300,25,32,60,18,0,1,90,17,140,89,24,200,17,79,24,50,30,1718,0,0,0,1,10272,10301,1,10247,17,63,6,80,8,6,72,88,3,54,8,28
328,27,29,50,12,0,4,100,13,117,20,4,193,15,-1,6,121,73,2594,0,0,0,1,10282,10293,22,10271,1,62,5,83,15,2,70,95,5,44,14,40
267,9,15,30,13,0,5,60,11,132,49,3,196,17,26,6,92,56,2221,0,0,0,1,10277,10288,1,10264,18,50,5,75,14,3,69,95,3,38,17,35
74,20,23,50,22,10,1,70,13,198,93,4,263,17,77,6,152,92,2760,0,0,0,1,10249,10268,1,10229,18,59,4,76,15,0,59,90,4,36,14,50
74,20,23,50,22,10,1,70,13,198,93,4,263,17,77,6,152,92,2760,0,0,0,1,10249,10268,1,10229,18,59,4,76,15,0,59,90,4,36,14,50
109,33,35,60,14,20,5,100,15,219,135,4,281,15,118,6,147,88,2874,0,0,0,1,10226,10236,8,10215,18,59,3,83,20,0,53,87,3,31,14,54
109,33,35,60,14,20,5,100,15,219,135,4,281,15,118,6,147,88,2874,0,0,0,1,10226,10236,8,10215,18,59,3,83,20,0,53,87,3,31,14,54
133,36,37,50,7,20,3,100,14,230,164,5,293,13,149,6,152,91,2966,0,0,0,1,10241,10247,9,10229,1,75,4,83,20,0,51,70,4,29,15,57
133,36,37,50,7,20,3,100,14,230,164,5,293,13,149,6,152,91,2966,0,0,0,1,10241,10247,9,10229,1,75,4,83,20,0,51,70,4,29,15,57
129,8,24,50,23,10,6,80,12,251,172,3,316,16,136,6,142,85,2789,0,0,0,1,10193,10210,5,10173,24,69,24,82,2,1,52,72,24,34,15,55
129,8,24,50,23,10,6,80,12,251,172,3,316,16,136,6,142,85,2789,0,0,0,1,10193,10210,5,10173,24,69,24,82,2,1,52,72,24,34,15,55
3,37,40,60,14,20,8,110,1,178,129,24,227,11,128,24,18,11,1326,20,17,6,24,10184,10191,10,10174,5,56,2,70,13,7,79,92,24,63,13,23
310,18,26,40,4,10,10,70,15,132,118,24,154,14,117,24,0,0,445,11,33,24,2,10184,10197,23,10175,5,27,9,65,17,8,92,95,8,88,14,7
310,18,26,40,4,10,10,70,15,132,118,24,154,14,117,24,0,0,445,11,33,24,2,10184,10197,23,10175,5,27,9,65,17,8,92,95,8,88,14,7
297,17,20,30,7,0,22,80,13,129,94,22,178,14,67,24,36,22,1750,3,3,3,7,10192,10199,7,10184,18,28,6,82,11,7,75,94,6,42,13,28
311,13,21,30,7,10,1,70,11,167,90,2,235,16,84,6,140,84,2908,0,0,0,1,10193,10204,11,10181,18,62,24,82,11,2,63,93,1,32,15,50
311,13,21,30,7,10,1,70,11,167,90,2,235,16,84,6,140,84,2908,0,0,0,1,10193,10204,11,10181,18,62,24,82,11,2,63,93,1,32,15,50
311,13,21,30,7,10,1,70,11,167,90,2,235,16,84,6,140,84,2908,0,0,0,1,10193,10204,11,10181,18,62,24,82,11,2,63,93,1,32,15,50
311,13,21,30,7,10,1,70,11,167,90,2,235,16,84,6,140,84,2908,0,0,0,1,10193,10204,11,10181,18,62,24,82,11,2,63,93,1,32,15,50
164,18,23,40,11,10,3,90,14,208,107,1,283,17,96,6,85,51,2314,0,0,0,1,10144,10179,1,10113,19,61,1,82,18,2,63,89,1,41,17,43
164,18,23,40,11,10,3,90,14,208,107,1,283,17,96,6,85,51,2314,0,0,0,1,10144,10179,1,10113,19,61,1,82,18,2,63,89,1,41,17,43
164,18,23,40,11,10,3,90,14,208,107,1,283,17,96,6,85,51,2314,0,0,0,1,10144,10179,1,10113,19,61,1,82,18,2,63,89,1,41,17,43
164,18,23,40,11,10,3,90,14,208,107,1,283,17,96,6,85,51,2314,0,0,0,1,10144,10179,1,10113,19,61,1,82,18,2,63,89,1,41,17,43
164,18,23,40,11,10,3,90,14,208,107,1,283,17,96,6,85,51,2314,0,0,0,1,10144,10179,1,10113,19,61,1,82,18,2,63,89,1,41,17,43
241,30,38,70,12,10,1,100,12,203,146,2,249,12,131,6,83,50,2136,0,0,0,1,10119,10149,22,10097,6,58,3,75,23,5,71,90,4,50,13,39
234,33,36,60,9,10,3,100,10,189,147,3,228,15,112,24,74,44,1990,0,-1,-1,5,10144,10156,12,10125,24,56,4,82,9,6,68,87,3,53,13,36
217,57,59,80,15,40,1,130,14,161,126,24,191,18,117,24,9,5,634,5,2,2,10,10109,10123,1,10086,19,56,10,82,21,7,74,87,10,64,21,11
218,14,25,40,9,10,17,90,10,157,116,4,198,15,78,24,48,29,1651,0,0,0,1,10185,10195,13,10163,1,67,5,81,14,6,67,85,4,49,17,28
5,37,42,90,18,10,1,210,18,181,111,4,228,10,92,6,13,8,874,19,111,86,19,10113,10137,1,10091,19,56,24,77,15,6,78,93,24,61,7,15
227,47,50,80,12,10,3,150,15,161,129,24,190,11,130,24,0,0,503,0,0,0,1,10126,10178,24,10092,3,15,6,70,17,8,89,96,4,81,12,9
25,20,21,50,19,0,4,70,19,154,77,3,216,14,51,6,70,42,2295,0,0,0,1,10215,10229,23,10208,16,57,5,83,15,4,69,96,3,45,13,38
89,19,23,40,1,10,17,70,1,206,127,4,275,14,114,6,93,56,2175,0,0,0,1,10242,10255,23,10236,1,63,4,76,16,1,64,84,3,39,14,40
89,19,23,40,1,10,17,70,1,206,127,4,275,14,114,6,93,56,2175,0,0,0,1,10242,10255,23,10236,1,63,4,76,16,1,64,84,3,39,14,40
105,35,37,60,15,20,2,110,16,241,175,4,302,14,163,6,149,89,2868,0,0,0,1,10213,10230,6,10193,19,71,4,83,14,0,49,77,4,31,14,56
103,39,40,60,10,20,21,110,12,239,169,4,298,14,160,6,153,92,2946,0,0,0,1,10177,10196,1,10162,17,80,14,83,1,0,44,64,4,27,13,57
103,39,40,60,10,20,21,110,12,239,169,4,298,14,160,6,153,92,2946,0,0,0,1,10177,10196,1,10162,17,80,14,83,1,0,44,64,4,27,13,57
103,39,40,60,10,20,21,110,12,239,169,4,298,14,160,6,153,92,2946,0,0,0,1,10177,10196,1,10162,17,80,14,83,1,0,44,64,4,27,13,57
273,19,26,50,19,10,2,100,14,220,174,3,282,15,171,6,73,44,2085,12,83,31,21,10162,10172,20,10150,2,24,24,81,16,5,75,95,23,41,16,39
273,19,26,50,19,10,2,100,14,220,174,3,282,15,171,6,73,44,2085,12,83,31,21,10162,10172,20,10150,2,24,24,81,16,5,75,95,23,41,16,39
273,19,26,50,19,10,2,100,14,220,174,3,282,15,171,6,73,44,2085,12,83,31,21,10162,10172,20,10150,2,24,24,81,16,5,75,95,23,41,16,39
81,36,38,50,15,20,22,100,15,226,143,4,297,16,130,6,151,93,2778,0,0,0,1,10278,10296,1,10260,17,80,1,84,3,0,47,67,1,33,14,53
294,16,27,50,17,10,1,90,12,251,182,1,322,16,161,6,126,78,2541,0,0,0,1,10198,10205,9,10193,2,59,23,80,15,0,59,80,4,31,16,50
338,45,46,80,17,30,1,120,17,198,164,24,253,13,161,24,82,54,1817,0,-1,-1,15,10176,10195,22,10151,1,56,24,82,14,5,80,95,3,57,13,33
336,42,42,70,16,10,23,110,15,193,143,24,251,15,135,24,74,49,1619,0,0,0,1,10190,10195,8,10181,16,1,24,83,18,4,79,99,24,53,18,29
291,25,25,50,13,0,3,80,12,173,131,5,217,11,118,6,18,14,900,0,0,0,1,10104,10120,20,10086,1,1,7,57,11,6,86,99,7,75,12,16
56,26,29,50,24,10,2,90,20,90,22,1,148,17,9,6,44,34,1234,7,18,18,20,10129,10162,24,10113,3,1,7,65,18,3,87,100,2,62,17,18
269,35,37,60,9,10,22,110,10,97,45,23,154,15,22,24,43,32,1178,0,0,0,1,10183,10194,23,10173,5,58,6,81,16,5,76,94,24,59,14,17
76,29,30,40,11,20,2,80,13,193,118,6,271,14,106,6,116,84,2000,0,0,0,1,10212,10222,24,10202,1,68,4,80,10,0,54,79,3,31,14,36
68,64,64,90,11,40,3,130,9,130,49,5,200,14,32,6,131,88,2550,0,0,0,1,10175,10186,9,10160,18,74,10,84,1,0,43,73,24,21,13,40
37,38,40,60,15,20,2,100,14,143,70,4,218,14,63,6,115,77,2330,0,0,0,1,10143,10159,8,10124,18,25,4,83,19,2,63,97,4,29,14,38
36,56,58,90,18,20,6,150,18,160,94,5,240,14,79,6,112,74,2292,0,0,0,1,10116,10128,23,10098,16,60,24,82,15,1,55,89,24,27,13,39
240,35,38,60,13,0,4,100,10,120,17,4,189,13,7,6,39,26,1751,9,2,1,21,10161,10185,8,10127,24,1,5,79,14,6,74,100,6,41,13,27
226,56,59,90,14,30,1,160,15,130,101,1,174,16,99,6,55,35,1208,47,53,15,2,10059,10094,22,10018,3,50,2,76,18,6,83,97,2,63,15,19
199,40,42,70,14,10,1,120,14,157,44,1,222,17,30,6,59,37,1930,0,-1,-1,23,10137,10176,1,10102,24,36,6,80,15,5,80,95,1,64,14,32
231,39,43,70,12,0,23,120,10,140,67,24,186,15,36,24,107,67,2276,16,10,6,2,10133,10163,24,10099,1,58,5,73,11,4,70,96,4,42,14,37
27,34,32,50,10,10,1,90,11,181,105,5,237,14,69,6,100,61,2279,0,0,0,1,10232,10241,21,10217,1,50,5,82,13,1,67,94,24,41,14,40
34,35,36,50,14,10,2,90,13,181,117,5,237,13,76,6,94,57,2383,0,0,0,1,10217,10223,7,10210,17,50,4,80,11,3,74,97,4,50,12,42
93,19,35,60,19,10,24,170,19,236,174,24,315,13,162,24,88,53,2367,18,70,45,19,10150,10167,21,10134,15,7,23,80,17,3,71,99,24,37,15,46
115,26,31,40,8,20,1,80,17,198,130,1,260,16,121,6,45,27,1750,12,65,64,21,10039,10067,1,10015,24,24,3,80,17,7,78,97,22,49,11,32
260,15,30,50,8,10,3,100,9,195,142,23,229,15,126,24,67,40,1717,14,7,4,4,10126,10150,23,10092,6,42,5,82,19,5,75,94,5,50,16,31
210,52,53,70,7,30,24,120,7,144,121,2,159,19,112,6,0,0,690,52,52,14,20,10098,10111,1,10085,17,56,24,75,1,7,88,98,24,78,9,11
226,30,35,60,9,10,19,100,9,162,140,1,190,12,138,6,36,22,1197,12,10,8,5,10130,10149,13,10110,1,42,4,82,9,7,83,98,1,64,9,20
212,37,41,70,16,20,1,110,14,168,142,14,203,13,135,18,57,34,1643,22,133,64,14,10050,10056,21,10044,13,56,3,80,13,7,86,97,3,68,13,28
232,69,72,100,13,50,1,180,13,145,126,1,160,17,125,6,0,0,412,61,66,17,2,10066,10098,22,10037,6,50,1,75,11,8,86,97,1,75,14,7
321,12,22,40,1,0,22,110,12,149,99,24,197,12,75,24,61,37,1944,4,8,8,13,10125,10136,1,10119,17,65,1,83,17,6,75,96,24,51,17,32
109,31,37,60,22,10,1,110,20,154,88,3,203,12,78,6,16,10,899,70,73,32,20,10021,10096,1,9953,20,1,3,80,12,6,88,98,1,67,12,15
275,32,58,100,13,20,21,180,10,154,124,24,194,14,110,24,49,31,1382,38,26,14,6,10021,10121,24,9912,6,40,9,80,13,6,84,97,6,60,14,23
223,39,41,70,10,10,4,120,11,172,123,1,220,15,106,6,95,60,2187,0,0,0,1,10133,10145,12,10121,1,14,3,81,13,4,79,99,3,53,15,38
203,42,45,70,11,10,1,170,20,177,148,3,218,14,144,6,15,9,1127,32,98,71,20,10088,10119,1,10052,19,21,20,80,13,8,84,96,20,68,10,20
232,59,61,90,11,30,19,150,11,171,138,23,212,14,114,24,74,47,1792,0,0,0,1,10112,10133,15,10066,1,62,5,80,14,5,76,90,5,57,15,31
292,26,28,50,13,10,4,80,11,135,75,5,195,16,40,6,93,60,2087,0,0,0,1,10199,10207,12,10192,1,0,0,0,0,0,78,97,3,55,16,33
341,43,44,50,1,20,23,80,2,169,112,24,208,14,106,24,6,4,980,0,0,0,1,10153,10167,21,10142,4,58,5,70,18,7,89,97,24,80,14,17
217,31,34,60,11,10,1,110,13,170,134,5,217,14,129,6,61,41,1612,0,0,0,1,10108,10124,22,10083,2,11,2,82,16,6,81,99,1,54,14,28
59,54,64,100,8,30,19,160,7,174,154,22,203,13,146,24,51,36,1215,12,4,3,7,10069,10112,23,10023,1,57,6,75,11,6,82,95,1,71,15,21
102,18,22,30,2,10,20,60,8,173,142,23,226,16,130,24,50,35,1117,21,16,9,6,10141,10182,24,10108,1,40,10,80,15,6,87,97,6,65,15,19
257,17,23,40,11,10,1,80,10,180,122,24,238,15,104,24,96,68,1886,0,0,0,1,10271,10282,9,10260,1,0,5,76,17,4,85,100,5,59,14,33
242,25,30,50,11,10,17,80,11,115,65,24,155,14,47,24,10,9,562,0,0,0,1,10219,10260,23,10155,1,23,23,75,12,7,91,97,1,76,15,9
219,61,71,90,1,50,18,160,1,88,61,7,125,15,57,6,50,39,1061,8,5,5,2,10112,10151,12,10034,1,61,2,82,17,7,73,93,2,54,16,15
92,35,37,50,11,20,5,100,14,148,84,5,208,14,61,24,134,89,2490,0,0,0,1,10250,10258,24,10236,17,71,4,83,15,0,52,75,5,32,16,41
79,39,43,60,8,10,1,130,12,192,112,3,260,14,73,6,125,81,2539,0,0,0,1,10181,10192,8,10170,17,79,8,83,1,1,46,67,3,24,12,46
50,61,62,80,17,50,1,120,11,135,118,23,158,16,115,24,3,2,912,23,15,8,8,10123,10131,1,10119,5,57,1,67,12,8,89,95,1,83,14,15
303,34,37,70,16,0,5,110,16,168,99,24,238,11,83,24,114,69,2375,0,0,0,1,10208,10223,1,10197,17,65,1,82,17,2,71,95,5,51,10,41
72,30,30,50,7,10,1,80,7,159,79,4,218,15,67,6,118,70,2771,0,0,0,1,10188,10214,6,10152,24,65,1,83,19,4,61,93,4,38,15,47
237,27,41,80,15,10,8,150,16,175,125,3,240,14,118,6,58,35,1693,0,0,0,1,10147,10183,24,10130,6,68,12,82,14,6,62,71,23,44,14,29
220,16,25,40,8,10,2,80,10,174,143,24,215,8,141,24,8,5,639,75,53,10,15,10106,10137,24,10072,3,27,21,69,8,8,91,96,23,82,8,11
228,48,51,70,8,30,21,140,14,155,125,23,194,14,119,24,31,19,969,61,178,55,14,10071,10097,24,10054,13,40,5,75,18,7,90,96,5,78,18,16
100,8,11,30,16,0,1,50,16,168,130,23,206,15,108,24,23,14,944,0,-1,-1,3,10252,10261,8,10240,23,50,24,80,18,6,84,96,4,69,18,16
82,12,24,60,19,10,5,160,19,220,174,24,292,14,170,24,40,25,1656,28,117,95,19,10143,10169,24,10123,2,11,19,81,14,7,80,98,20,52,13,31
244,10,27,50,10,10,18,80,10,215,168,22,248,9,152,24,67,43,1514,14,29,26,11,10155,10189,23,10120,3,50,11,82,16,4,77,92,11,58,17,28
260,25,33,50,8,10,24,100,14,139,90,3,192,15,74,6,71,50,1545,6,7,7,5,10116,10133,23,10106,6,25,3,83,14,5,82,99,2,54,16,25
238,68,70,90,7,30,19,170,10,115,79,23,149,10,74,24,42,36,690,86,81,16,10,9959,9990,23,9926,9,57,2,80,13,7,87,95,2,69,13,10
192,21,24,50,12,10,1,90,13,107,52,1,157,14,33,6,72,65,1012,0,0,0,1,10317,10343,1,10292,24,57,23,74,15,2,83,97,1,61,15,15
130,18,21,30,12,10,1,50,11,98,68,24,129,13,56,24,24,26,394,0,0,0,1,10152,10161,11,10143,24,5,1,56,21,6,92,99,2,79,13,6
246,18,23,40,6,10,1,80,9,2,-18,1,23,17,-33,24,0,0,58,56,37,10,13,10139,10172,1,10116,14,1,2,63,19,7,99,100,1,97,15,1
273,24,29,50,1,10,20,80,1,48,-11,22,84,14,-35,24,16,15,459,0,0,0,1,10139,10167,21,10090,1,6,5,75,15,6,89,99,5,71,15,6
45,14,24,40,16,0,4,70,16,65,-28,5,150,15,-51,6,102,79,1708,0,0,0,1,10239,10252,7,10227,16,50,24,82,14,0,72,94,6,42,13,23
117,30,32,50,13,20,1,90,14,133,52,6,195,14,38,6,77,58,1594,0,0,0,1,10132,10198,1,10075,24,44,20,65,1,3,67,89,6,47,15,25
80,28,32,60,13,0,21,90,13,116,67,5,178,15,14,24,83,59,1668,0,0,0,1,10224,10246,23,10197,1,57,23,69,2,2,72,91,22,51,15,25
163,19,31,50,6,10,20,90,13,97,27,24,135,9,10,24,22,15,766,34,20,17,12,10031,10068,24,10004,4,21,21,75,1,6,86,98,24,71,1,11
85,45,46,60,12,30,5,100,14,164,130,5,214,14,121,6,54,35,1967,17,14,10,24,10084,10124,1,10049,24,44,24,83,2,7,58,96,24,48,10,33
177,18,32,50,12,20,13,120,20,135,90,24,190,11,81,24,7,4,644,87,93,33,12,10056,10093,24,10040,3,25,7,65,21,7,92,97,6,74,11,10
269,5,27,40,8,10,1,80,12,149,63,4,208,15,42,6,99,62,2302,0,0,0,1,10205,10226,8,10171,24,65,1,82,19,4,64,95,4,42,12,38
269,5,27,40,8,10,1,80,12,149,63,4,208,15,42,6,99,62,2302,0,0,0,1,10205,10226,8,10171,24,65,1,82,19,4,64,95,4,42,12,38
283,24,33,70,13,10,1,160,11,121,41,4,186,13,19,6,110,69,2169,1,5,5,11,10163,10200,24,10138,4,50,6,83,12,4,72,95,2,45,17,33
283,24,33,70,13,10,1,160,11,121,41,4,186,13,19,6,110,69,2169,1,5,5,11,10163,10200,24,10138,4,50,6,83,12,4,72,95,2,45,17,33
299,35,45,70,11,0,24,130,14,147,73,24,194,13,31,24,59,36,1747,7,5,3,2,10272,10325,24,10216,1,24,3,83,14,5,77,97,3,54,13,29
39,36,36,60,17,0,1,100,17,145,39,4,218,15,6,6,150,92,2979,0,0,0,1,10319,10339,8,10297,24,65,1,83,9,0,59,97,4,29,14,49
338,49,50,80,13,10,24,140,13,159,91,24,238,13,61,24,126,77,2886,0,0,0,1,10212,10221,6,10204,24,57,2,82,18,2,65,95,2,36,13,49
298,35,37,60,9,0,22,120,13,124,42,24,187,15,21,24,128,77,2508,0,0,0,1,10204,10225,23,10186,2,29,4,83,10,2,69,98,5,42,13,39
139,5,15,20,9,10,1,60,11,142,20,3,219,15,0,6,112,67,2587,0,0,0,1,10213,10224,7,10197,24,1,4,83,20,4,67,99,4,40,13,42
210,15,23,40,12,10,20,80,13,159,107,24,198,18,84,24,27,16,975,51,77,24,10,10177,10194,1,10167,18,43,10,75,7,7,85,96,11,71,7,16
324,8,26,50,2,10,22,110,2,139,89,23,188,17,59,24,41,25,1110,19,62,48,2,10214,10264,22,10161,2,50,3,83,18,6,84,97,4,63,17,18
42,55,56,70,12,40,2,120,12,186,107,3,255,14,94,6,133,79,2696,0,0,0,1,10208,10250,1,10170,24,57,5,83,13,1,64,95,5,40,15,48
340,20,22,50,18,10,1,70,18,204,147,2,267,13,137,6,72,43,1827,0,-1,-1,14,10183,10201,22,10167,2,0,2,81,17,4,82,99,2,58,11,34
340,20,22,50,18,10,1,70,18,204,147,2,267,13,137,6,72,43,1827,0,-1,-1,14,10183,10201,22,10167,2,0,2,81,17,4,82,99,2,58,11,34
50,34,34,50,1,10,3,80,2,240,170,4,307,16,160,6,123,74,2498,0,0,0,1,10180,10210,1,10145,24,67,6,83,16,1,65,82,5,41,16,49
206,9,33,60,13,20,3,120,13,222,156,24,309,12,132,24,82,49,1685,15,17,12,13,10128,10144,1,10108,12,56,14,83,19,4,73,92,14,49,11,32
300,21,31,50,11,10,22,120,13,200,128,24,260,15,111,24,125,75,2650,0,0,0,1,10130,10135,1,10122,17,60,6,83,18,2,70,93,5,45,14,48
300,21,31,50,11,10,22,120,13,200,128,24,260,15,111,24,125,75,2650,0,0,0,1,10130,10135,1,10122,17,60,6,83,18,2,70,93,5,45,14,48
157,12,23,60,18,10,1,130,18,203,116,2,277,14,96,6,84,51,2198,10,62,61,18,10102,10126,1,10075,17,59,23,82,12,4,70,93,24,41,14,40
228,28,33,60,10,10,21,150,19,178,128,22,235,13,114,24,74,45,1926,10,132,131,19,10074,10090,1,10055,18,21,21,83,17,5,77,99,20,51,17,34
260,43,48,70,8,20,19,130,16,134,106,1,160,16,98,6,8,5,722,60,83,21,12,10125,10153,21,10102,7,46,10,80,17,8,87,96,10,68,17,12
255,27,33,70,14,10,3,110,13,163,118,4,211,14,112,6,65,40,1912,0,-1,-1,3,10137,10149,1,10125,24,56,20,83,18,7,73,95,3,43,15,32
255,27,33,70,14,10,3,110,13,163,118,4,211,14,112,6,65,40,1912,0,-1,-1,3,10137,10149,1,10125,24,56,20,83,18,7,73,95,3,43,15,32
206,25,33,70,17,20,1,120,17,167,119,24,211,17,98,24,40,24,936,57,66,27,6,10094,10119,1,10075,13,50,6,83,17,6,89,97,6,61,18,16
206,25,33,70,17,20,1,120,17,167,119,24,211,17,98,24,40,24,936,57,66,27,6,10094,10119,1,10075,13,50,6,83,17,6,89,97,6,61,18,16
226,10,23,50,13,10,1,90,12,194,114,4,251,16,99,6,87,53,2233,2,1,1,7,10108,10123,24,10091,3,69,10,83,19,3,70,89,3,47,15,40
226,10,23,50,13,10,1,90,12,194,114,4,251,16,99,6,87,53,2233,2,1,1,7,10108,10123,24,10091,3,69,10,83,19,3,70,89,3,47,15,40
226,10,23,50,13,10,1,90,12,194,114,4,251,16,99,6,87,53,2233,2,1,1,7,10108,10123,24,10091,3,69,10,83,19,3,70,89,3,47,15,40
223,40,43,90,13,10,1,140,10,199,146,3,241,15,119,24,120,74,2475,0,0,0,1,10160,10200,24,10123,1,59,3,83,16,4,67,94,3,44,15,45
223,40,43,90,13,10,1,140,10,199,146,3,241,15,119,24,120,74,2475,0,0,0,1,10160,10200,24,10123,1,59,3,83,16,4,67,94,3,44,15,45
172,20,31,40,9,10,3,90,12,202,126,4,256,15,96,6,132,81,2622,0,0,0,1,10191,10219,10,10122,24,63,15,83,19,2,61,85,1,43,16,48
172,20,31,40,9,10,3,90,12,202,126,4,256,15,96,6,132,81,2622,0,0,0,1,10191,10219,10,10122,24,63,15,83,19,2,61,85,1,43,16,48
172,20,31,40,9,10,3,90,12,202,126,4,256,15,96,6,132,81,2622,0,0,0,1,10191,10219,10,10122,24,63,15,83,19,2,61,85,1,43,16,48
223,39,43,80,16,20,5,130,15,157,120,1,200,15,102,6,52,32,1699,22,76,52,12,10121,10137,20,10105,5,58,10,83,17,6,82,96,4,60,15,28
213,20,23,40,14,10,2,80,16,164,142,23,197,17,126,24,21,13,845,45,75,24,10,10050,10094,24,10021,2,33,3,75,14,7,90,99,1,74,14,14
265,36,44,70,10,10,20,130,10,159,96,24,217,14,66,24,96,60,1934,6,17,17,2,10200,10237,22,10148,1,60,6,83,15,3,78,97,4,53,13,33
265,36,44,70,10,10,20,130,10,159,96,24,217,14,66,24,96,60,1934,6,17,17,2,10200,10237,22,10148,1,60,6,83,15,3,78,97,4,53,13,33
196,24,30,50,9,10,1,90,10,182,96,1,237,17,67,6,89,56,2308,0,-1,-1,22,10193,10231,1,10143,24,65,1,83,9,4,66,94,1,43,13,41
196,24,30,50,9,10,1,90,10,182,96,1,237,17,67,6,89,56,2308,0,-1,-1,22,10193,10231,1,10143,24,65,1,83,9,4,66,94,1,43,13,41
196,24,30,50,9,10,1,90,10,182,96,1,237,17,67,6,89,56,2308,0,-1,-1,22,10193,10231,1,10143,24,65,1,83,9,4,66,94,1,43,13,41
156,14,20,30,8,10,2,60,14,160,86,4,216,15,60,6,73,47,1758,0,0,0,1,10222,10242,8,10185,24,57,5,83,13,2,69,99,3,45,14,30
332,27,30,40,11,20,3,70,15,181,164,24,195,16,161,24,0,0,569,0,0,0,1,10198,10205,21,10187,2,57,1,75,12,8,83,90,3,77,12,10
10,18,20,40,17,0,24,60,10,180,141,24,216,17,119,24,20,13,1203,0,0,0,1,10185,10198,1,10170,19,11,24,80,10,7,82,97,24,67,14,21
235,57,59,90,12,20,1,160,11,164,103,23,211,12,101,24,65,47,1433,26,104,36,21,10115,10148,22,10096,5,37,7,82,13,7,73,95,1,42,13,24
224,31,35,60,10,10,19,110,10,141,111,20,180,17,93,24,51,37,970,14,4,2,3,10194,10204,13,10185,4,61,4,83,16,5,80,95,4,60,17,16
49,51,52,70,1,30,18,120,5,146,132,1,162,16,130,6,0,0,338,76,68,16,5,10190,10198,22,10181,4,58,1,70,19,8,93,96,2,87,17,6
160,16,19,30,10,10,1,60,11,101,39,3,150,14,15,6,46,45,709,0,0,0,1,10115,10146,24,10076,1,1,1,72,14,6,91,100,1,73,14,10
234,49,50,90,12,20,20,150,12,87,61,20,126,13,42,24,33,26,890,8,8,5,3,10072,10088,8,10051,24,30,3,83,13,7,82,96,4,54,13,13
177,18,33,50,4,20,17,80,18,137,74,6,198,14,59,6,73,55,1506,20,3,1,22,10174,10204,24,10163,3,58,24,83,1,4,61,90,24,40,14,24
175,4,12,20,8,0,3,50,9,72,-36,5,172,16,-61,6,132,94,2284,0,0,0,1,10217,10258,1,10176,24,58,6,83,18,0,64,94,2,26,16,31
12,29,30,50,13,10,1,80,13,86,40,24,120,17,20,24,19,12,892,0,0,0,1,10104,10111,1,10093,17,32,4,75,14,7,85,98,5,72,16,13
9,26,28,40,8,10,2,70,8,65,-2,5,106,14,-26,6,34,22,1422,0,0,0,1,10109,10121,23,10101,2,62,4,83,10,6,72,96,4,50,11,19
41,21,24,40,16,10,2,80,16,172,94,4,243,15,66,6,152,92,2962,0,0,0,1,10214,10225,8,10204,17,65,4,81,8,0,63,92,4,38,13,51
274,19,24,60,13,0,2,110,13,196,109,3,289,13,78,6,93,56,2418,0,0,0,1,10190,10199,23,10185,10,0,3,83,19,4,68,100,5,28,13,44
320,28,32,60,14,10,2,110,13,230,168,24,315,12,160,24,79,47,2092,11,20,18,18,10169,10206,22,10139,2,42,24,81,12,4,76,97,23,48,11,40
234,10,34,60,17,20,2,90,16,242,193,2,318,14,187,6,109,66,2489,3,1,1,1,10154,10166,22,10145,15,24,5,81,15,4,77,99,3,51,14,49
226,20,35,70,11,10,1,130,11,212,157,24,266,17,138,24,90,55,1795,21,126,82,10,10117,10154,1,10092,17,21,10,83,17,3,80,95,10,57,16,33
234,20,24,50,15,0,5,80,14,175,110,5,229,14,99,6,73,46,1968,10,2,1,20,10170,10180,10,10156,24,5,4,83,14,6,80,99,1,52,13,34
280,19,24,50,12,10,2,90,12,150,89,24,192,15,66,24,45,29,1250,3,4,4,10,10100,10148,23,10050,1,50,3,80,12,5,82,97,4,65,12,21
178,12,19,30,9,10,3,60,9,174,133,4,219,12,121,6,4,3,848,35,50,25,22,10167,10176,1,10156,24,1,24,81,10,8,78,99,23,56,12,15
217,45,46,70,10,20,24,110,10,141,115,1,171,15,102,24,10,8,508,0,-1,-1,1,10145,10170,24,10134,4,48,24,75,9,7,84,95,23,72,15,8
148,51,51,70,10,30,22,120,12,180,149,5,223,14,139,6,70,61,1187,0,0,0,1,10038,10068,1,10020,15,59,1,80,13,4,79,95,1,67,15,21
148,51,51,70,10,30,22,120,12,180,149,5,223,14,139,6,70,61,1187,0,0,0,1,10038,10068,1,10020,15,59,1,80,13,4,79,95,1,67,15,21
134,32,33,50,8,20,17,90,12,176,148,24,224,12,135,24,32,28,777,0,0,0,1,10012,10020,8,10004,15,68,24,80,12,6,79,88,3,69,12,14
44,28,29,50,15,20,1,80,16,-35,-57,23,11,14,-69,6,77,86,673,0,0,0,1,10217,10228,1,10205,14,19,8,58,14,2,91,98,6,75,13,6
12,22,24,50,17,0,1,80,14,102,34,1,180,15,8,6,113,84,1994,0,0,0,1,10257,10272,8,10248,16,18,5,81,12,2,65,98,5,30,11,29
125,24,28,50,12,20,1,100,12,163,80,4,225,14,62,6,121,80,2115,0,0,0,1,10194,10209,1,10184,24,66,4,80,19,1,44,72,4,27,12,36
125,24,28,50,12,20,1,100,12,163,80,4,225,14,62,6,121,80,2115,0,0,0,1,10194,10209,1,10184,24,66,4,80,19,1,44,72,4,27,12,36
279,35,39,70,14,10,1,130,11,108,48,1,162,13,24,6,63,40,1822,10,26,17,5,10214,10238,20,10183,1,65,1,83,12,6,76,99,2,48,13,27
279,35,39,70,14,10,1,130,11,108,48,1,162,13,24,6,63,40,1822,10,26,17,5,10214,10238,20,10183,1,65,1,83,12,6,76,99,2,48,13,27
219,30,33,60,15,10,1,90,14,138,86,2,183,15,63,6,39,25,1358,0,0,0,1,10161,10177,1,10147,17,50,1,81,14,5,81,98,2,63,14,22
267,43,49,70,1,10,22,120,1,123,77,22,157,13,57,24,63,39,1628,6,42,40,3,10142,10184,21,10087,1,57,4,83,10,7,75,97,3,56,18,25
347,29,30,50,9,0,2,100,16,136,41,3,206,16,24,6,150,92,3004,0,0,0,1,10295,10322,23,10263,1,1,5,83,11,1,61,100,5,30,12,48
216,14,23,50,18,10,1,90,18,175,98,2,233,13,84,6,45,27,1482,2,1,1,16,10158,10183,1,10142,17,64,7,81,14,5,76,97,24,59,10,26
128,38,40,60,12,20,21,100,12,246,172,4,306,16,163,6,141,84,2931,0,0,0,1,10175,10211,1,10152,20,59,2,83,20,0,62,86,4,40,13,57
306,35,37,60,11,10,4,110,11,136,100,24,177,12,90,24,50,30,1539,0,-1,-1,1,10181,10214,1,10162,24,62,1,83,18,6,74,97,3,57,11,25
324,35,39,60,10,20,1,110,16,143,94,3,182,15,75,6,39,23,1709,0,0,0,1,10165,10176,22,10153,4,65,2,82,12,7,73,93,2,58,14,28
341,8,17,30,11,0,1,60,12,174,79,4,238,15,72,6,82,50,2124,0,0,0,1,10197,10205,9,10188,24,6,5,83,14,4,69,99,5,43,14,37
28,50,54,90,20,20,2,140,20,188,139,24,256,13,138,6,49,30,1818,59,128,47,23,10138,10185,1,10097,24,56,21,81,16,6,75,97,21,51,12,32
28,50,54,90,20,20,2,140,20,188,139,24,256,13,138,6,49,30,1818,59,128,47,23,10138,10185,1,10097,24,56,21,81,16,6,75,97,21,51,12,32
250,9,17,30,11,10,7,50,10,144,99,24,169,16,87,24,0,0,844,0,0,0,1,10173,10178,1,10168,17,65,1,83,16,8,79,95,24,63,13,14
108,15,18,30,15,10,1,60,14,161,71,5,224,17,57,6,122,79,2440,0,0,0,1,10167,10176,7,10158,18,58,24,74,9,2,74,98,5,53,14,41
168,13,32,50,21,20,4,100,19,189,143,23,241,11,142,24,14,9,1139,31,140,51,13,10038,10100,1,9995,19,34,19,75,11,8,87,98,20,70,11,20
142,15,25,50,12,10,1,80,12,187,128,3,251,14,116,6,63,45,1766,0,-1,-1,19,10130,10159,1,10104,24,1,3,82,17,6,81,100,4,55,13,31
58,8,13,30,16,0,3,80,20,123,56,6,186,14,46,6,94,69,1773,0,0,0,1,10158,10169,9,10147,24,17,2,83,11,2,77,98,3,49,12,28
203,47,48,60,9,30,1,120,12,151,123,24,177,13,120,24,6,5,656,17,51,33,23,10082,10102,2,10039,24,59,23,80,15,7,81,95,24,68,15,11
133,20,22,40,11,0,18,60,10,175,110,24,251,14,89,24,105,90,1381,0,0,0,1,10257,10265,9,10248,15,42,5,82,16,0,76,96,23,46,14,24
155,2,7,20,16,0,2,40,13,158,79,6,254,14,65,6,92,79,1262,0,0,0,1,10247,10262,7,10225,24,0,6,77,16,2,83,99,5,44,15,21
155,2,7,20,16,0,2,40,13,158,79,6,254,14,65,6,92,79,1262,0,0,0,1,10247,10262,7,10225,24,0,6,77,16,2,83,99,5,44,15,21
237,56,56,70,2,50,5,110,1,103,97,24,112,15,95,24,0,0,83,44,10,2,6,10333,10351,21,10309,3,27,8,70,15,8,93,97,7,89,1,1
57,21,23,40,11,10,5,70,12,117,52,6,192,14,43,6,113,92,1624,0,0,0,1,10273,10288,1,10260,16,50,4,67,17,0,71,93,6,43,14,25
57,21,23,40,11,10,5,70,12,117,52,6,192,14,43,6,113,92,1624,0,0,0,1,10273,10288,1,10260,16,50,4,67,17,0,71,93,6,43,14,25
188,54,55,90,12,10,1,150,11,48,-41,3,112,13,-62,6,41,29,1362,24,18,11,19,10066,10186,1,9978,24,57,19,82,12,6,72,91,21,37,13,17
166,58,62,80,11,30,5,140,14,100,54,5,141,11,45,6,38,26,1172,26,25,11,19,9980,10004,6,9956,23,39,5,83,12,7,79,93,5,53,11,17
128,20,26,40,15,10,1,80,15,87,-10,4,153,15,-24,6,105,69,2227,0,0,0,1,10175,10188,8,10154,24,61,1,83,16,4,67,95,5,40,14,31
300,42,46,80,12,10,22,140,13,72,9,24,122,14,-13,24,95,60,2017,14,16,9,7,10221,10253,20,10165,1,60,7,83,17,4,73,93,4,45,14,27
2,11,24,50,16,10,2,110,22,175,120,2,248,14,113,6,44,28,1674,22,45,27,22,10065,10089,1,10041,24,50,1,81,13,7,76,94,24,50,13,29
29,18,26,40,14,10,5,110,14,205,130,4,272,15,109,6,131,81,2682,0,0,0,1,10190,10212,2,10166,24,58,24,83,19,1,57,91,24,34,9,49
342,22,29,50,19,0,1,80,12,108,23,4,167,15,9,6,113,69,2461,0,0,0,1,10165,10182,1,10131,24,62,2,83,12,4,65,96,5,37,14,37
180,28,40,60,15,10,21,110,14,132,94,4,184,16,93,6,38,23,1103,94,81,12,5,10057,10097,1,10041,10,50,8,82,16,7,84,95,9,61,16,17
222,44,51,100,16,30,1,160,16,133,95,22,160,16,88,24,22,13,700,82,87,16,10,10121,10191,1,10073,15,57,10,80,1,7,84,94,11,66,1,11
264,44,47,80,11,20,21,130,11,138,80,24,179,13,68,24,34,20,1320,0,0,0,1,10158,10202,24,10121,2,56,1,82,14,6,80,96,1,62,14,21
294,9,20,30,8,10,1,90,14,150,61,4,214,17,50,6,101,60,2107,0,0,0,1,10210,10221,11,10199,2,2,4,81,9,5,73,98,4,47,17,35
213,29,32,60,14,20,5,100,14,189,151,22,224,14,139,24,46,28,1314,0,0,0,1,10084,10106,22,10060,1,70,22,83,19,7,72,84,22,57,18,23
214,38,43,70,10,20,19,120,9,192,139,24,243,13,132,24,113,68,2489,0,0,0,1,10112,10124,23,10103,1,65,24,83,15,5,67,92,24,42,17,45
232,40,43,70,9,10,21,140,14,147,97,23,200,14,81,24,89,53,2137,0,0,0,1,10160,10196,24,10125,1,65,1,82,13,4,74,93,22,53,13,35
178,23,28,50,10,10,1,100,10,194,136,1,244,15,126,6,95,57,2307,5,7,7,24,10109,10120,7,10082,24,56,24,83,13,5,65,88,1,44,16,42
205,32,33,50,8,20,4,80,7,156,121,5,192,12,107,6,28,17,1327,9,4,1,14,10118,10124,1,10108,18,56,4,75,8,7,86,96,23,72,10,22
205,32,33,50,8,20,4,80,7,156,121,5,192,12,107,6,28,17,1327,9,4,1,14,10118,10124,1,10108,18,56,4,75,8,7,86,96,23,72,10,22
213,52,55,80,8,30,1,140,10,143,115,24,181,12,112,24,40,24,1315,10,19,9,20,10103,10109,22,10096,4,65,20,82,12,7,82,94,21,64,12,21
213,52,55,80,8,30,1,140,10,143,115,24,181,12,112,24,40,24,1315,10,19,9,20,10103,10109,22,10096,4,65,20,82,12,7,82,94,21,64,12,21
238,33,41,70,13,10,20,130,12,141,112,7,190,15,109,6,77,47,1964,29,79,65,7,10118,10136,17,10099,6,60,2,83,13,6,77,94,1,49,14,32
259,39,41,60,11,20,4,110,14,170,146,5,199,11,144,6,27,17,1277,20,15,10,1,10198,10219,14,10159,1,50,1,80,13,8,84,97,1,69,13,22
304,21,26,40,15,10,4,80,15,139,81,24,192,16,72,24,56,35,1681,1,2,2,12,10157,10193,24,10129,1,65,1,83,18,6,76,97,1,51,15,27
304,21,26,40,15,10,4,80,15,139,81,24,192,16,72,24,56,35,1681,1,2,2,12,10157,10193,24,10129,1,65,1,83,18,6,76,97,1,51,15,27
164,18,23,40,10,10,2,70,10,186,112,3,253,15,102,6,143,90,2680,0,0,0,1,10250,10271,1,10224,24,64,5,83,14,0,63,85,2,37,16,48
333,17,19,50,17,0,1,80,15,222,125,4,297,15,112,6,123,77,2452,0,0,0,1,10154,10173,23,10147,3,65,3,83,12,1,66,94,4,40,11,46
203,26,29,60,12,10,5,100,12,181,135,5,239,15,119,6,81,53,2007,0,0,0,1,10127,10143,6,10111,24,64,5,83,17,6,75,96,5,51,15,35
11,15,19,50,23,10,1,80,24,31,-43,2,105,16,-67,6,84,63,1793,0,0,0,1,10205,10245,1,10143,24,1,5,83,17,4,64,99,4,30,15,21
219,18,26,50,9,10,5,90,2,125,52,24,165,9,36,24,42,30,902,7,19,19,11,10192,10205,12,10164,1,0,0,0,0,6,80,99,24,62,9,14
1,36,38,60,15,10,4,100,15,62,4,24,109,14,-15,24,56,38,1452,0,0,0,1,10129,10164,23,10102,1,57,3,83,12,6,75,98,1,50,12,19
65,37,38,80,17,0,1,140,12,160,80,2,226,11,56,6,54,35,1377,0,-1,-1,14,10152,10171,1,10121,24,50,24,80,10,6,74,95,2,45,9,23
234,36,40,60,13,20,19,110,13,91,63,4,134,12,59,6,37,24,1502,39,39,14,1,10136,10159,18,10100,1,62,6,83,14,8,82,97,4,53,13,21
186,32,43,60,9,0,24,110,17,119,66,24,175,17,48,24,38,24,1196,0,-1,-1,8,10003,10033,22,9980,4,62,1,83,15,7,73,90,3,39,17,18
288,22,24,30,6,10,3,80,17,95,84,24,113,12,84,24,0,0,334,3,1,1,16,10025,10053,22,9989,1,3,1,68,11,8,96,100,1,90,11,5
312,45,48,80,11,10,22,130,10,80,14,24,116,14,0,24,15,9,750,23,8,3,3,10130,10146,16,10108,1,31,3,80,14,6,83,97,3,67,14,10
312,45,48,80,11,10,22,130,10,80,14,24,116,14,0,24,15,9,750,23,8,3,3,10130,10146,16,10108,1,31,3,80,14,6,83,97,3,67,14,10
312,45,48,80,11,10,22,130,10,80,14,24,116,14,0,24,15,9,750,23,8,3,3,10130,10146,16,10108,1,31,3,80,14,6,83,97,3,67,14,10
316,39,44,70,13,10,4,110,12,89,35,4,145,12,32,6,50,31,1977,53,45,11,22,10150,10157,7,10133,24,57,21,80,9,7,80,98,21,56,11,28
100,8,24,40,23,10,2,80,24,129,100,4,168,16,99,6,16,10,1236,0,0,0,1,10079,10107,21,10040,1,24,2,80,12,7,79,97,1,52,16,19
356,41,42,70,17,10,2,110,15,103,31,3,161,16,17,6,69,42,1974,0,0,0,1,10289,10301,8,10277,17,65,2,83,18,4,72,96,4,49,14,29
16,32,33,60,18,10,2,100,16,149,61,4,228,15,51,6,121,73,2748,0,0,0,1,10234,10271,1,10208,17,65,3,83,18,3,60,92,3,30,18,45
26,23,26,50,20,10,2,100,19,171,78,5,239,17,59,6,127,77,2615,0,0,0,1,10193,10206,1,10178,18,70,4,83,13,1,57,86,5,33,16,45
26,23,26,50,20,10,2,100,19,171,78,5,239,17,59,6,127,77,2615,0,0,0,1,10193,10206,1,10178,18,70,4,83,13,1,57,86,5,33,16,45
26,23,26,50,20,10,2,100,19,171,78,5,239,17,59,6,127,77,2615,0,0,0,1,10193,10206,1,10178,18,70,4,83,13,1,57,86,5,33,16,45
26,23,26,50,20,10,2,100,19,171,78,5,239,17,59,6,127,77,2615,0,0,0,1,10193,10206,1,10178,18,70,4,83,13,1,57,86,5,33,16,45
18,34,37,70,18,10,1,100,13,189,111,24,262,15,93,6,135,82,2712,0,0,0,1,10210,10216,9,10196,18,57,4,82,16,1,61,94,4,33,15,48
17,53,54,70,15,40,1,100,10,151,97,24,224,14,90,24,147,89,2872,0,0,0,1,10183,10211,1,10160,17,60,2,83,19,1,69,92,2,47,14,48
215,34,39,60,10,10,22,100,11,148,110,24,189,17,94,24,39,23,1758,0,0,0,1,10178,10199,8,10148,24,62,4,83,18,6,69,89,4,48,14,29
17,7,21,50,3,0,20,90,3,196,168,5,234,10,166,6,15,9,811,27,51,25,14,10119,10144,1,10091,21,19,22,65,24,7,87,98,21,71,10,15
17,7,21,50,3,0,20,90,3,196,168,5,234,10,166,6,15,9,811,27,51,25,14,10119,10144,1,10091,21,19,22,65,24,7,87,98,21,71,10,15
17,7,21,50,3,0,20,90,3,196,168,5,234,10,166,6,15,9,811,27,51,25,14,10119,10144,1,10091,21,19,22,65,24,7,87,98,21,71,10,15
17,7,21,50,3,0,20,90,3,196,168,5,234,10,166,6,15,9,811,27,51,25,14,10119,10144,1,10091,21,19,22,65,24,7,87,98,21,71,10,15
210,62,63,90,12,40,20,160,8,142,122,3,183,16,118,6,26,16,1181,22,42,17,24,10099,10133,24,10078,5,56,17,80,14,8,83,95,24,65,15,19
262,33,37,50,1,20,21,100,17,133,116,24,165,14,113,24,21,13,1026,16,37,29,1,10195,10244,23,10137,1,50,1,80,16,8,84,96,1,69,16,16
323,33,35,70,16,0,23,110,17,125,55,24,175,16,33,24,50,30,1722,0,-1,-1,4,10272,10294,22,10245,1,64,2,83,11,6,72,95,23,45,15,27
323,33,35,70,16,0,23,110,17,125,55,24,175,16,33,24,50,30,1722,0,-1,-1,4,10272,10294,22,10245,1,64,2,83,11,6,72,95,23,45,15,27
171,14,21,40,12,0,6,70,9,161,76,1,212,16,61,6,53,32,1935,15,63,36,23,10131,10160,1,10077,24,57,23,83,22,6,71,97,2,46,16,33
223,24,31,50,10,10,4,80,3,167,144,4,197,15,143,6,7,4,1034,0,-1,-1,3,10096,10161,24,10055,5,56,16,75,12,8,88,97,5,74,13,18
223,24,31,50,10,10,4,80,3,167,144,4,197,15,143,6,7,4,1034,0,-1,-1,3,10096,10161,24,10055,5,56,16,75,12,8,88,97,5,74,13,18
224,34,36,60,13,10,2,100,15,178,150,2,226,14,142,6,26,16,1371,0,0,0,1,10205,10249,24,10164,1,48,8,80,14,7,83,96,2,61,13,24
224,34,36,60,13,10,2,100,15,178,150,2,226,14,142,6,26,16,1371,0,0,0,1,10205,10249,24,10164,1,48,8,80,14,7,83,96,2,61,13,24
272,6,22,40,24,10,3,70,15,177,131,23,228,16,110,24,19,11,1266,7,3,2,3,10285,10310,23,10252,1,50,2,77,15,6,83,96,2,59,15,22
56,26,28,40,17,20,8,70,13,193,125,4,259,15,117,6,139,84,2793,0,0,0,1,10302,10310,2,10291,17,68,11,83,19,1,67,89,2,42,15,50
22,36,37,50,16,30,2,80,15,189,122,4,258,14,114,6,142,86,2820,0,0,0,1,10261,10296,1,10235,18,61,4,83,9,1,60,93,4,25,12,50
350,39,40,60,14,10,5,100,14,158,121,4,208,13,113,6,56,34,1778,0,-1,-1,11,10229,10239,1,10221,17,61,4,81,12,5,74,94,4,54,14,30
352,20,22,50,17,10,1,80,14,157,72,3,230,16,53,6,81,49,2223,0,0,0,1,10236,10245,23,10232,2,21,1,82,9,4,73,96,24,45,15,37
345,13,23,50,16,10,1,80,14,192,103,1,267,15,89,6,123,75,2653,0,0,0,1,10227,10237,23,10222,15,65,1,82,18,2,63,94,1,33,14,48
345,13,23,50,16,10,1,80,14,192,103,1,267,15,89,6,123,75,2653,0,0,0,1,10227,10237,23,10222,15,65,1,82,18,2,63,94,1,33,14,48
43,22,24,40,17,10,1,70,15,212,146,3,265,15,137,6,38,23,1737,0,0,0,1,10241,10248,8,10235,17,59,4,82,19,7,68,89,2,45,13,32
43,22,24,40,17,10,1,70,15,212,146,3,265,15,137,6,38,23,1737,0,0,0,1,10241,10248,8,10235,17,59,4,82,19,7,68,89,2,45,13,32
30,6,23,50,18,10,1,80,13,262,164,4,334,14,145,6,115,72,2408,0,0,0,1,10157,10175,1,10141,17,60,9,83,18,2,52,83,24,32,11,48
231,29,34,60,13,10,17,100,7,187,163,5,220,13,161,6,26,17,985,20,47,37,6,10165,10184,15,10132,1,50,6,80,14,8,87,96,1,69,14,18
205,17,21,40,10,0,4,80,12,170,97,1,232,15,85,6,62,41,1921,0,0,0,1,10197,10211,1,10186,15,60,24,82,14,6,75,96,1,46,12,33
205,17,21,40,10,0,4,80,12,170,97,1,232,15,85,6,62,41,1921,0,0,0,1,10197,10211,1,10186,15,60,24,82,14,6,75,96,1,46,12,33
205,17,21,40,10,0,4,80,12,170,97,1,232,15,85,6,62,41,1921,0,0,0,1,10197,10211,1,10186,15,60,24,82,14,6,75,96,1,46,12,33
260,32,35,60,12,10,1,110,12,159,83,24,212,12,64,24,38,25,1397,0,0,0,1,10200,10209,15,10185,3,34,5,83,13,6,74,98,4,47,14,24
228,32,41,70,14,10,20,130,14,182,134,23,234,15,126,24,71,49,1410,46,53,18,6,10108,10128,23,10093,4,39,8,82,17,6,82,98,6,51,14,25
222,4,14,30,12,0,7,60,13,184,121,6,240,12,114,6,35,24,1325,0,-1,-1,1,10203,10216,1,10191,24,58,4,75,18,5,70,90,23,47,12,23
45,48,49,70,12,30,19,130,11,176,129,5,241,15,115,24,101,72,2030,0,0,0,1,10170,10180,9,10159,1,70,4,83,13,2,64,83,5,40,12,35
54,29,31,50,12,10,5,90,11,176,114,5,239,14,104,6,111,79,1864,0,0,0,1,10166,10177,24,10154,16,68,15,83,16,3,61,81,5,35,14,32
54,29,31,50,12,10,5,90,11,176,114,5,239,14,104,6,111,79,1864,0,0,0,1,10166,10177,24,10154,16,68,15,83,16,3,61,81,5,35,14,32
54,29,31,50,12,10,5,90,11,176,114,5,239,14,104,6,111,79,1864,0,0,0,1,10166,10177,24,10154,16,68,15,83,16,3,61,81,5,35,14,32
139,22,28,50,12,10,19,90,12,232,161,3,308,15,152,6,122,91,1886,0,0,0,1,10129,10179,1,10088,24,40,4,83,12,0,63,94,2,33,15,36
193,24,27,50,11,0,1,90,13,139,83,1,186,13,76,6,44,34,1082,8,1,1,23,10184,10197,8,10145,24,0,6,77,10,7,90,100,1,66,12,17
237,46,50,90,1,30,4,160,1,106,67,21,155,11,60,24,78,62,1314,24,21,8,15,10001,10014,23,9989,1,50,1,81,14,5,82,97,3,50,14,20
261,31,33,50,11,0,24,100,14,132,78,24,164,11,62,24,7,6,539,2,1,1,5,10159,10229,24,10089,1,40,2,75,13,8,89,98,1,76,17,9
107,49,50,80,12,30,1,130,12,98,43,6,150,12,34,6,88,76,1140,0,0,0,1,10183,10194,24,10173,1,70,2,83,16,3,66,86,6,47,15,17
160,37,39,60,1,10,21,100,12,148,102,2,199,16,100,6,28,24,841,23,31,19,7,10144,10150,20,10136,5,42,24,75,16,7,88,98,21,76,16,14
249,32,37,60,15,20,1,110,15,129,77,24,158,12,70,24,7,6,416,7,5,3,19,10151,10220,1,10085,24,12,7,83,15,8,88,98,1,64,15,7
167,28,38,50,2,20,16,80,10,131,85,6,166,13,80,6,45,43,667,26,41,23,18,10097,10140,1,10076,17,50,23,75,9,7,87,98,18,69,12,11
161,35,43,60,13,30,1,90,13,144,99,2,179,16,93,6,0,0,244,18,6,4,20,10108,10153,1,10092,14,62,3,70,8,8,89,96,22,81,13,4
216,75,77,110,13,50,16,190,13,87,66,15,111,13,57,18,39,41,479,39,71,22,15,9989,10007,17,9959,24,64,16,80,12,7,83,90,16,67,13,7
283,13,15,30,11,0,1,60,11,53,13,8,84,12,-3,12,40,49,277,0,-1,-1,16,10302,10338,24,10282,1,3,7,70,11,6,95,100,1,83,12,4
77,19,21,40,16,0,21,60,1,83,24,24,168,14,4,24,104,90,1352,0,0,0,1,10320,10340,9,10298,24,44,23,63,1,0,72,92,23,42,14,19
199,33,35,70,14,10,1,110,14,131,62,2,181,14,36,6,14,11,759,18,11,6,10,10162,10168,10,10154,16,50,3,76,15,6,82,92,11,68,15,12
192,41,45,60,13,20,21,110,20,162,127,1,218,16,118,6,33,25,1256,25,41,26,20,10119,10164,1,10065,24,57,20,83,18,7,76,97,20,46,15,21
251,56,59,90,11,30,21,190,15,81,31,24,134,2,14,24,64,48,1229,26,44,14,9,10152,10227,24,10061,1,57,10,80,16,5,84,95,24,58,14,17
39,22,28,50,15,0,7,90,13,145,81,5,223,13,73,6,41,28,1294,13,38,24,23,10178,10198,8,10152,24,28,4,80,14,6,78,94,24,48,14,21
17,8,23,40,18,10,10,70,19,125,100,5,176,14,96,24,30,20,1352,0,0,0,1,10113,10128,24,10099,16,12,2,60,14,7,86,98,3,64,14,21
126,29,31,50,13,10,2,80,12,125,43,2,186,16,27,6,105,69,2269,0,0,0,1,10158,10204,1,10102,24,65,22,78,8,4,57,86,3,40,13,35
241,62,63,90,9,40,20,220,18,118,77,21,156,13,68,24,45,29,1223,19,50,30,18,10097,10133,23,10059,1,50,24,73,10,7,86,97,23,63,17,19
229,69,70,90,10,40,19,180,10,96,84,22,112,12,83,6,3,2,648,135,239,62,21,10017,10049,24,9996,5,50,4,70,2,8,89,95,21,80,2,9
190,13,23,40,7,10,2,80,11,159,92,4,214,12,75,6,119,74,2402,0,0,0,1,10194,10203,22,10175,1,70,4,83,16,2,63,87,23,40,12,40
65,23,25,40,23,0,1,70,23,125,108,24,146,1,109,24,0,0,372,182,115,21,5,10119,10144,24,10098,2,6,1,65,12,8,97,100,2,94,14,6
100,13,26,40,11,10,18,90,24,215,127,4,292,16,121,6,86,52,2194,0,0,0,1,10141,10156,24,10132,15,64,3,81,15,3,67,85,3,48,11,41
241,13,29,70,4,10,17,190,4,208,168,3,259,13,162,6,80,48,2150,17,53,41,4,10190,10231,24,10146,2,57,22,81,14,5,78,95,5,59,13,40
359,17,19,40,17,0,1,70,11,163,73,3,228,16,56,6,104,62,2357,0,0,0,1,10272,10286,6,10254,24,63,6,82,18,2,71,97,3,45,15,40
336,33,33,50,13,0,3,90,13,165,80,4,222,13,70,6,77,46,2073,0,0,0,1,10228,10252,1,10212,18,1,4,81,10,5,72,100,5,47,12,35
325,30,34,70,14,0,1,120,14,137,81,1,176,16,57,6,11,7,1134,5,2,1,10,10231,10248,1,10221,17,42,10,80,16,8,78,94,10,64,17,18
343,41,42,70,15,20,2,100,15,155,97,24,202,14,87,24,39,23,1349,0,-1,-1,1,10227,10237,23,10218,16,56,6,77,11,5,77,95,7,63,14,23
314,24,26,50,13,0,22,100,14,130,62,24,182,14,49,24,45,27,1548,2,1,1,10,10161,10189,23,10121,1,58,3,83,18,5,79,98,3,55,18,24
198,38,45,70,15,20,23,140,18,195,141,24,258,13,138,24,36,22,1377,10,48,45,18,10071,10119,24,10044,17,50,18,83,14,7,82,97,1,58,13,25
200,12,24,40,3,10,20,60,1,173,121,4,227,17,115,6,61,37,2164,0,0,0,1,10160,10180,11,10126,1,50,2,83,18,5,75,96,2,45,17,37
200,12,24,40,3,10,20,60,1,173,121,4,227,17,115,6,61,37,2164,0,0,0,1,10160,10180,11,10126,1,50,2,83,18,5,75,96,2,45,17,37
330,30,34,50,14,10,1,100,14,147,125,23,165,13,125,24,0,0,467,142,189,46,8,10115,10139,1,10100,13,36,9,70,2,8,93,98,9,81,3,8
249,19,23,30,1,10,2,60,15,198,165,3,244,14,164,6,27,16,1581,0,0,0,1,10137,10145,22,10125,1,1,3,70,19,8,88,99,3,75,15,29
246,12,22,40,17,10,5,70,17,196,164,4,246,13,164,6,51,31,1896,0,0,0,1,10126,10141,1,10110,24,17,1,82,12,7,79,96,1,46,12,34
230,29,30,50,11,10,5,90,12,187,155,2,224,18,151,6,80,49,2052,0,0,0,1,10078,10104,1,10060,17,33,1,80,17,5,82,95,1,67,17,37
230,29,30,50,11,10,5,90,12,187,155,2,224,18,151,6,80,49,2052,0,0,0,1,10078,10104,1,10060,17,33,1,80,17,5,82,95,1,67,17,37
243,36,38,70,14,10,22,120,14,182,128,24,240,14,113,24,69,42,1928,0,0,0,1,10128,10175,24,10080,1,50,24,82,13,5,79,97,24,46,14,34
216,11,16,40,12,0,1,70,13,192,115,4,259,15,103,6,106,65,2437,0,0,0,1,10216,10223,6,10205,18,11,3,82,18,3,76,98,2,45,15,44
136,31,37,70,11,10,23,120,11,271,182,4,336,16,170,6,96,59,2444,0,-1,-1,1,10106,10134,2,10083,24,70,3,83,7,3,53,84,3,27,12,50
136,31,37,70,11,10,23,120,11,271,182,4,336,16,170,6,96,59,2444,0,-1,-1,1,10106,10134,2,10083,24,70,3,83,7,3,53,84,3,27,12,50
306,19,23,50,12,10,1,80,3,223,194,22,276,11,190,6,32,20,1478,8,28,26,16,10093,10113,23,10076,1,23,24,82,13,7,80,98,23,59,10,28
339,28,29,40,13,10,1,70,12,193,184,20,215,12,184,6,1,1,550,58,134,43,14,10136,10160,24,10113,1,5,4,70,12,8,96,99,4,85,12,10
253,30,35,70,14,0,2,120,13,148,94,3,182,11,80,6,55,37,1404,6,14,8,12,10172,10190,9,10142,24,12,2,83,13,7,79,98,1,62,15,23
237,46,49,80,9,20,21,140,10,133,94,24,171,15,76,24,55,38,1286,24,91,42,13,10060,10097,22,10030,7,50,1,75,14,5,90,98,24,80,14,20
251,22,27,50,9,0,22,120,16,119,78,24,176,12,69,24,65,45,1561,25,87,67,16,10155,10165,23,10141,1,0,22,83,12,6,85,99,22,54,13,24
212,40,42,70,10,10,19,130,10,127,92,24,169,11,77,24,39,27,1080,14,51,28,16,10109,10126,1,10098,15,20,24,81,9,6,85,98,19,64,9,17
110,16,20,40,1,0,6,70,13,147,62,6,212,15,49,6,114,82,2113,0,0,0,1,10159,10171,10,10129,1,37,5,82,16,1,74,98,5,50,12,35
41,27,28,50,2,0,24,80,3,156,104,24,207,16,85,24,41,32,991,0,0,0,1,10212,10239,1,10189,24,25,5,82,16,5,87,98,1,61,16,17
314,8,16,30,13,0,4,60,13,170,123,2,233,15,118,6,28,23,816,18,24,17,17,10140,10154,24,10129,2,0,3,66,15,7,94,100,2,66,14,14
161,12,15,30,13,0,3,60,13,135,68,7,207,13,60,6,92,77,1473,0,0,0,1,10274,10288,10,10264,24,1,5,83,15,3,84,100,7,54,14,24
221,24,27,50,14,10,18,80,10,158,112,24,199,14,99,24,39,33,748,8,2,1,1,10241,10256,22,10221,1,1,22,72,16,6,92,99,22,74,15,13
223,5,10,20,11,0,5,50,11,161,132,24,203,13,118,24,16,14,629,0,0,0,1,10280,10289,8,10269,24,18,6,63,12,8,91,98,3,72,12,11
124,13,14,30,15,0,4,50,15,159,105,3,225,14,91,6,68,59,1052,0,0,0,1,10238,10266,1,10198,24,1,2,72,14,3,85,99,2,60,14,18
201,30,35,50,8,20,1,90,8,136,115,2,170,14,113,6,33,31,487,29,21,9,8,10044,10068,24,10022,7,28,4,70,14,6,94,98,1,81,15,8
201,36,37,60,13,10,3,90,13,113,76,1,142,13,74,6,12,12,403,7,1,1,2,10215,10225,10,10206,24,30,3,66,14,8,89,98,2,79,13,6
183,41,43,70,13,30,1,120,13,93,59,24,124,12,52,24,55,60,520,33,30,12,3,10088,10097,23,10080,13,42,5,80,13,4,87,98,2,67,13,7
152,21,22,40,11,10,1,70,13,13,-44,5,77,14,-59,6,87,87,840,0,0,0,1,10189,10224,24,10176,3,12,2,58,12,0,86,97,2,65,15,9
205,64,67,100,1,40,19,180,1,47,15,2,94,14,9,6,40,38,549,45,36,15,2,9936,9959,24,9924,6,42,3,80,15,6,84,96,9,63,15,7
202,42,51,80,11,10,1,140,11,126,71,1,178,11,62,6,3,2,777,92,128,63,20,10098,10142,1,10065,19,36,18,82,10,8,84,97,24,63,10,12
214,30,33,50,14,20,1,90,14,124,70,3,167,16,45,6,50,31,1927,0,0,0,1,10147,10168,12,10110,24,50,2,82,19,7,68,98,1,41,15,30
258,37,43,70,7,0,23,120,2,138,61,24,187,16,20,24,47,29,1382,0,-1,-1,1,10216,10280,24,10135,1,61,5,81,16,6,71,95,24,51,15,22
18,41,43,60,8,10,5,100,8,113,54,3,163,14,25,6,48,29,1714,0,0,0,1,10303,10316,9,10290,18,65,3,82,16,5,70,91,3,51,13,26
299,40,41,70,13,20,5,120,14,146,106,22,175,11,100,24,52,31,1882,7,7,5,2,10169,10182,20,10152,2,21,2,81,10,7,74,97,1,54,13,31
150,15,20,30,8,10,1,60,9,168,73,4,222,15,52,6,37,22,1489,7,3,3,13,10206,10221,5,10189,18,10,4,82,11,6,74,96,3,53,11,26
150,15,20,30,8,10,1,60,9,168,73,4,222,15,52,6,37,22,1489,7,3,3,13,10206,10221,5,10189,18,10,4,82,11,6,74,96,3,53,11,26
150,15,20,30,8,10,1,60,9,168,73,4,222,15,52,6,37,22,1489,7,3,3,13,10206,10221,5,10189,18,10,4,82,11,6,74,96,3,53,11,26
313,17,21,50,17,0,3,80,15,183,113,24,246,14,79,24,81,49,2176,0,0,0,1,10213,10231,22,10192,1,24,4,83,19,3,71,96,4,44,14,38
313,17,21,50,17,0,3,80,15,183,113,24,246,14,79,24,81,49,2176,0,0,0,1,10213,10231,22,10192,1,24,4,83,19,3,71,96,4,44,14,38
89,20,23,30,9,0,1,90,12,204,92,3,271,15,66,6,152,91,2928,0,0,0,1,10214,10229,6,10195,24,65,1,83,19,0,60,95,3,38,16,54
89,20,23,30,9,0,1,90,12,204,92,3,271,15,66,6,152,91,2928,0,0,0,1,10214,10229,6,10195,24,65,1,83,19,0,60,95,3,38,16,54
302,2,40,70,17,20,5,190,21,261,185,24,362,15,182,24,131,79,2576,22,259,133,21,10180,10224,24,10163,2,5,21,83,1,2,62,97,24,36,13,52
255,10,29,90,16,0,2,190,15,208,147,24,281,14,139,24,63,38,1910,1,3,3,17,10166,10201,1,10129,14,65,3,80,8,5,74,93,4,61,13,35
255,10,29,90,16,0,2,190,15,208,147,24,281,14,139,24,63,38,1910,1,3,3,17,10166,10201,1,10129,14,65,3,80,8,5,74,93,4,61,13,35
255,10,29,90,16,0,2,190,15,208,147,24,281,14,139,24,63,38,1910,1,3,3,17,10166,10201,1,10129,14,65,3,80,8,5,74,93,4,61,13,35
241,46,52,70,1,20,19,130,10,153,121,24,189,17,116,24,19,12,1082,54,86,42,12,10094,10139,24,10067,1,47,12,80,17,8,84,95,12,68,17,18
290,36,38,70,11,0,22,120,15,128,56,24,179,16,21,24,83,50,2022,11,4,2,6,10207,10248,23,10148,1,65,3,83,19,4,74,94,3,48,16,32
290,36,38,70,11,0,22,120,15,128,56,24,179,16,21,24,83,50,2022,11,4,2,6,10207,10248,23,10148,1,65,3,83,19,4,74,94,3,48,16,32
223,41,42,60,12,10,1,110,20,169,139,1,190,10,125,6,1,1,835,14,15,11,6,10170,10177,13,10162,24,50,6,80,17,8,82,95,7,68,17,14
227,40,41,50,10,30,4,100,21,167,154,8,187,14,156,12,1,1,495,85,52,10,8,10151,10160,1,10138,24,21,22,70,1,8,93,97,7,84,1,8
219,18,26,50,15,0,3,90,9,174,115,1,218,15,101,6,21,13,973,16,14,9,17,10186,10196,1,10175,18,13,1,75,11,8,92,98,3,77,11,17
231,34,53,90,9,20,20,140,9,221,172,24,267,14,170,6,112,69,2526,21,96,57,24,10122,10149,24,10092,6,50,24,82,16,4,73,96,24,56,15,48
231,34,53,90,9,20,20,140,9,221,172,24,267,14,170,6,112,69,2526,21,96,57,24,10122,10149,24,10092,6,50,24,82,16,4,73,96,24,56,15,48
238,26,33,50,11,10,21,100,14,181,145,4,225,12,135,6,87,54,2109,7,10,10,1,10163,10176,10,10144,24,57,5,83,19,5,74,97,4,50,18,37
238,26,33,50,11,10,21,100,14,181,145,4,225,12,135,6,87,54,2109,7,10,10,1,10163,10176,10,10144,24,57,5,83,19,5,74,97,4,50,18,37
238,26,33,50,11,10,21,100,14,181,145,4,225,12,135,6,87,54,2109,7,10,10,1,10163,10176,10,10144,24,57,5,83,19,5,74,97,4,50,18,37
182,23,25,40,9,10,1,70,11,174,84,4,216,11,75,6,61,38,1509,18,18,13,17,10123,10131,8,10112,24,5,2,80,9,5,87,98,2,65,11,26
240,35,36,60,13,20,1,110,17,188,144,5,237,15,127,24,95,59,2149,0,0,0,1,10144,10151,22,10135,3,68,7,83,18,4,70,90,1,48,16,38
277,20,25,40,8,10,19,130,11,175,121,4,224,16,110,6,102,64,2105,0,0,0,1,10166,10178,9,10151,1,65,2,83,17,5,66,95,4,38,15,37
62,15,25,60,21,10,1,100,21,186,141,5,246,13,135,6,17,11,1430,36,72,57,22,10097,10157,1,10005,24,32,24,80,7,8,71,97,24,46,13,25
269,28,33,60,17,0,24,100,9,124,62,24,178,16,28,24,84,54,1604,15,19,10,12,10159,10199,24,10124,1,58,24,82,18,3,81,98,24,53,16,25
314,4,15,30,14,0,21,60,13,158,87,4,225,15,68,6,121,78,2372,0,0,0,1,10167,10189,24,10157,13,65,24,83,14,2,64,93,24,40,11,40
174,15,37,70,14,20,18,110,14,236,162,4,319,14,151,6,129,84,2475,0,0,0,1,10133,10157,1,10115,24,62,24,83,1,1,56,81,23,30,14,48
146,24,30,40,11,10,1,90,11,189,100,3,256,17,80,6,112,73,2353,0,0,0,1,10162,10188,6,10130,23,63,1,83,18,3,61,91,2,39,15,42
250,9,29,60,13,10,6,110,13,218,148,23,299,13,131,24,126,83,2371,0,0,0,1,10140,10168,22,10125,4,64,24,82,10,2,68,96,23,47,12,45
104,11,13,30,1,0,18,50,1,182,120,5,241,12,113,6,72,48,1673,0,-1,-1,1,10207,10230,1,10189,24,65,3,83,15,4,73,91,3,45,12,29
51,37,47,60,13,30,2,110,16,220,143,5,284,16,138,6,114,77,2191,0,0,0,1,10150,10208,1,10097,24,56,5,80,15,2,74,96,5,58,15,41
295,22,28,60,15,0,1,100,15,185,155,24,232,10,141,6,31,21,1130,56,140,52,23,10090,10133,24,10056,1,10,5,73,13,7,89,98,5,70,13,20
282,36,40,50,7,30,1,100,10,140,129,1,149,16,129,6,0,0,259,199,261,35,1,10124,10145,1,10105,24,37,24,65,14,8,97,98,1,96,14,4
177,18,23,50,12,10,2,80,12,166,121,23,214,14,112,24,85,59,1879,4,4,4,5,10201,10221,23,10182,1,50,6,81,13,4,76,96,6,54,12,32
204,44,46,60,3,40,1,120,12,155,135,24,189,3,132,24,0,0,416,81,74,14,11,10097,10125,24,10062,1,32,24,75,6,8,90,97,19,74,10,7
143,5,16,40,10,10,1,80,24,173,84,5,240,16,67,6,122,88,2043,0,0,0,1,10213,10229,7,10186,24,48,6,83,17,2,74,98,5,45,16,35
243,21,26,50,14,0,21,90,13,130,90,4,186,15,68,6,67,49,1332,0,-1,-1,1,10161,10171,1,10153,16,38,24,83,15,5,84,98,4,49,14,21
151,44,48,70,21,30,1,130,21,150,112,1,178,12,106,6,8,6,439,56,82,50,14,9929,10001,1,9894,17,48,7,75,24,7,91,97,7,79,24,7
71,46,46,60,9,30,2,110,13,60,21,7,110,15,14,12,98,89,1106,0,0,0,1,10189,10195,8,10181,13,63,2,83,18,0,71,92,3,51,14,14
322,14,16,50,14,0,2,80,14,78,29,23,120,11,19,24,9,9,345,0,-1,-1,1,10234,10242,17,10226,3,1,1,70,10,8,96,100,1,87,11,5
213,55,55,60,1,40,5,100,1,121,111,20,129,15,108,24,0,0,182,14,9,4,1,10223,10233,11,10215,22,56,1,70,10,8,87,96,2,81,14,3
244,87,88,110,10,70,20,180,7,134,113,1,145,10,111,6,0,0,58,70,158,45,11,10099,10128,23,10075,6,49,14,70,20,8,90,98,3,80,24,1
14,47,48,60,8,40,2,100,24,6,2,15,19,1,1,24,0,0,194,230,158,12,14,9913,10027,24,9846,2,16,2,56,24,8,95,96,5,93,21,2
32,31,32,50,11,10,1,80,12,38,-20,4,76,16,-41,6,8,7,394,0,-1,-1,1,10288,10303,1,10276,15,2,6,65,13,7,91,99,6,82,16,5
289,30,32,50,16,20,2,80,16,66,37,24,90,16,30,24,0,0,491,20,8,4,1,10192,10208,10,10176,24,36,24,75,14,8,85,97,1,72,14,7
246,29,42,60,2,0,22,100,4,61,0,24,89,14,-8,24,5,4,334,103,69,15,10,10126,10187,24,10090,6,1,22,70,15,8,94,99,22,86,13,4
38,26,29,50,15,0,7,90,19,72,25,6,115,14,14,6,4,3,843,0,0,0,1,10141,10177,24,10124,1,65,1,82,15,8,74,93,1,52,14,11
211,6,17,30,1,10,3,80,14,64,13,24,105,14,-6,24,14,10,660,3,2,2,14,10113,10123,8,10102,24,1,24,80,11,6,86,98,3,66,12,9
95,49,50,70,10,20,24,120,14,123,68,5,173,14,58,6,123,90,2058,0,-1,-1,1,10109,10127,2,10091,18,70,1,80,9,1,61,73,3,49,14,32
192,17,28,70,19,10,1,140,19,117,38,24,182,15,23,24,86,63,1727,26,28,9,20,10089,10101,9,10074,17,1,24,83,9,6,73,98,23,41,16,26
312,17,25,40,8,0,21,110,12,54,-9,24,108,14,-30,24,83,59,1437,17,19,9,17,10132,10195,24,10067,1,20,24,83,10,4,77,97,1,52,13,18
35,37,38,50,7,30,1,90,21,85,45,3,132,14,28,6,67,47,1763,0,0,0,1,10200,10227,2,10170,24,58,5,82,17,8,69,94,5,47,16,25
221,29,30,60,13,0,4,100,12,114,3,4,183,16,-25,6,106,71,2166,15,8,6,22,10225,10272,1,10177,24,57,22,82,8,5,69,94,2,39,18,33
306,33,37,60,10,0,22,120,2,93,7,24,144,15,-28,24,111,74,2129,20,32,24,2,10236,10287,23,10172,1,58,5,83,16,3,72,98,5,42,15,31
96,50,50,70,10,30,2,140,13,200,140,4,252,15,127,6,130,85,2518,0,0,0,1,10129,10141,7,10115,17,80,4,83,1,3,49,67,4,35,13,46
112,28,31,50,8,10,18,90,10,181,146,3,229,16,129,24,2,1,1129,7,11,11,17,10093,10114,1,10072,24,34,23,83,1,8,68,94,21,47,14,20
112,28,31,50,8,10,18,90,10,181,146,3,229,16,129,24,2,1,1129,7,11,11,17,10093,10114,1,10072,24,34,23,83,1,8,68,94,21,47,14,20
36,35,37,50,12,20,4,90,12,168,133,4,207,13,119,6,4,2,830,33,44,20,14,10083,10097,1,10076,16,29,19,68,6,6,87,96,19,74,15,14
331,22,21,50,18,0,11,80,19,179,137,1,237,16,139,6,43,26,1453,0,-1,-1,1,10127,10134,11,10119,16,10,24,71,15,6,84,97,1,63,15,25
331,22,21,50,18,0,11,80,19,179,137,1,237,16,139,6,43,26,1453,0,-1,-1,1,10127,10134,11,10119,16,10,24,71,15,6,84,97,1,63,15,25
331,22,21,50,18,0,11,80,19,179,137,1,237,16,139,6,43,26,1453,0,-1,-1,1,10127,10134,11,10119,16,10,24,71,15,6,84,97,1,63,15,25
34,24,30,50,14,10,1,100,15,218,154,3,283,15,131,6,106,64,2526,0,0,0,1,10135,10157,24,10126,2,0,3,83,16,5,67,100,4,35,15,47
34,24,30,50,14,10,1,100,15,218,154,3,283,15,131,6,106,64,2526,0,0,0,1,10135,10157,24,10126,2,0,3,83,16,5,67,100,4,35,15,47
11,32,35,60,18,20,3,90,15,213,137,24,279,15,116,24,149,90,2727,0,0,0,1,10180,10205,24,10155,1,60,24,81,10,0,66,90,23,41,14,51
36,17,27,50,14,0,21,90,16,205,152,24,278,15,125,24,77,46,2243,0,-1,-1,1,10216,10222,7,10204,15,61,4,83,11,6,66,90,24,37,14,41
338,29,30,50,14,10,4,80,11,146,81,24,213,15,43,24,138,83,2925,0,0,0,1,10195,10215,1,10169,24,58,4,82,17,2,63,92,4,32,18,48
350,15,19,40,17,0,4,80,13,156,82,4,219,13,43,6,84,51,2389,0,0,0,1,10140,10168,1,10121,19,64,3,83,17,7,67,93,3,46,12,40
350,15,19,40,17,0,4,80,13,156,82,4,219,13,43,6,84,51,2389,0,0,0,1,10140,10168,1,10121,19,64,3,83,17,7,67,93,3,46,12,40
233,26,32,50,16,10,23,100,16,157,127,21,188,11,106,24,15,9,1207,16,27,19,13,10008,10032,1,9994,14,17,3,75,15,7,88,97,2,75,15,20
214,27,31,60,12,10,19,110,17,152,127,22,195,16,103,24,25,15,1318,37,25,5,14,9984,9997,1,9972,16,33,4,80,15,7,88,95,7,66,16,22
264,16,25,40,13,20,1,100,13,146,108,3,191,16,101,24,64,38,2004,0,-1,-1,1,10233,10246,13,10209,1,60,3,81,14,7,73,94,2,51,13,33
264,16,25,40,13,20,1,100,13,146,108,3,191,16,101,24,64,38,2004,0,-1,-1,1,10233,10246,13,10209,1,60,3,81,14,7,73,94,2,51,13,33
192,45,48,60,6,20,23,120,16,151,129,1,175,12,111,6,0,0,596,101,187,44,16,10162,10214,1,10120,18,29,8,75,4,8,89,97,17,72,5,10
192,45,48,60,6,20,23,120,16,151,129,1,175,12,111,6,0,0,596,101,187,44,16,10162,10214,1,10120,18,29,8,75,4,8,89,97,17,72,5,10
192,45,48,60,6,20,23,120,16,151,129,1,175,12,111,6,0,0,596,101,187,44,16,10162,10214,1,10120,18,29,8,75,4,8,89,97,17,72,5,10
180,21,29,40,7,10,1,80,12,203,150,1,250,15,134,6,92,55,2155,0,0,0,1,10215,10226,10,10205,24,7,1,83,14,6,78,99,1,62,14,39
214,30,32,50,10,10,1,110,11,141,103,2,189,16,52,6,60,36,1713,13,33,29,11,10165,10178,22,10154,2,6,2,80,14,5,86,99,2,65,15,28
213,27,33,60,10,0,24,90,8,142,99,24,175,18,69,24,26,16,837,17,37,19,12,10175,10196,23,10163,14,5,23,80,18,7,89,98,23,68,18,14
213,27,33,60,10,0,24,90,8,142,99,24,175,18,69,24,26,16,837,17,37,19,12,10175,10196,23,10163,14,5,23,80,18,7,89,98,23,68,18,14
213,27,33,60,10,0,24,90,8,142,99,24,175,18,69,24,26,16,837,17,37,19,12,10175,10196,23,10163,14,5,23,80,18,7,89,98,23,68,18,14
213,27,33,60,10,0,24,90,8,142,99,24,175,18,69,24,26,16,837,17,37,19,12,10175,10196,23,10163,14,5,23,80,18,7,89,98,23,68,18,14
213,27,33,60,10,0,24,90,8,142,99,24,175,18,69,24,26,16,837,17,37,19,12,10175,10196,23,10163,14,5,23,80,18,7,89,98,23,68,18,14
213,27,33,60,10,0,24,90,8,142,99,24,175,18,69,24,26,16,837,17,37,19,12,10175,10196,23,10163,14,5,23,80,18,7,89,98,23,68,18,14
213,27,33,60,10,0,24,90,8,142,99,24,175,18,69,24,26,16,837,17,37,19,12,10175,10196,23,10163,14,5,23,80,18,7,89,98,23,68,18,14
160,21,25,40,10,0,1,70,13,166,92,2,221,17,66,6,54,32,2077,15,18,16,24,10151,10195,1,10089,24,2,1,83,17,7,74,99,1,56,18,35
160,21,25,40,10,0,1,70,13,166,92,2,221,17,66,6,54,32,2077,15,18,16,24,10151,10195,1,10089,24,2,1,83,17,7,74,99,1,56,18,35
216,43,45,80,12,10,1,130,11,155,130,4,200,14,123,6,37,22,1588,72,25,6,6,10107,10120,13,10091,1,17,1,82,14,7,81,97,1,52,14,27
216,43,45,80,12,10,1,130,11,155,130,4,200,14,123,6,37,22,1588,72,25,6,6,10107,10120,13,10091,1,17,1,82,14,7,81,97,1,52,14,27
216,43,45,80,12,10,1,130,11,155,130,4,200,14,123,6,37,22,1588,72,25,6,6,10107,10120,13,10091,1,17,1,82,14,7,81,97,1,52,14,27
209,46,48,60,12,40,1,120,14,168,148,24,205,14,141,6,4,2,730,49,46,12,17,10108,10122,11,10094,22,45,17,75,12,8,89,97,17,77,13,13
230,45,48,70,9,20,21,140,13,141,105,23,183,13,68,24,79,47,1914,12,28,11,14,10136,10170,24,10097,1,66,5,83,16,5,78,90,2,54,16,31
231,19,28,40,3,10,21,140,13,142,86,24,198,17,57,24,81,49,1940,26,36,16,5,10192,10214,22,10167,2,58,4,83,18,5,79,96,24,51,16,31
204,13,17,30,8,0,23,60,9,166,84,3,230,16,53,6,94,57,2169,0,-1,-1,1,10190,10208,1,10160,24,11,2,83,14,5,77,97,1,54,13,37
204,13,17,30,8,0,23,60,9,166,84,3,230,16,53,6,94,57,2169,0,-1,-1,1,10190,10208,1,10160,24,11,2,83,14,5,77,97,1,54,13,37
204,13,17,30,8,0,23,60,9,166,84,3,230,16,53,6,94,57,2169,0,-1,-1,1,10190,10208,1,10160,24,11,2,83,14,5,77,97,1,54,13,37
297,26,31,50,13,10,21,110,17,144,81,24,197,14,40,24,98,59,2202,6,1,1,2,10210,10226,23,10189,3,59,2,83,10,6,75,98,4,49,14,36
239,31,33,60,11,0,1,120,15,172,150,4,205,18,139,6,20,12,982,41,24,5,4,10155,10181,24,10139,6,36,24,75,9,7,84,97,24,71,10,17
222,28,29,50,11,10,5,90,13,188,136,3,235,15,99,6,30,18,1709,0,0,0,1,10178,10199,9,10150,24,2,1,80,15,7,79,99,1,62,12,30
223,30,36,60,11,10,2,110,13,218,150,4,282,16,111,6,84,51,2346,0,0,0,1,10103,10145,1,10074,17,70,2,82,11,8,71,86,21,49,16,44
227,59,60,90,12,30,22,140,9,183,145,23,224,15,107,24,61,37,1633,0,0,0,1,10093,10109,21,10076,2,70,1,81,13,5,70,84,1,57,15,29
227,59,60,90,12,30,22,140,9,183,145,23,224,15,107,24,61,37,1633,0,0,0,1,10093,10109,21,10076,2,70,1,81,13,5,70,84,1,57,15,29
231,26,32,60,11,10,19,150,14,165,121,24,212,11,88,24,57,35,1703,12,56,52,14,10118,10129,22,10106,2,4,24,80,11,6,82,98,22,61,11,29
231,26,32,60,11,10,19,150,14,165,121,24,212,11,88,24,57,35,1703,12,56,52,14,10118,10129,22,10106,2,4,24,80,11,6,82,98,22,61,11,29
231,26,32,60,11,10,19,150,14,165,121,24,212,11,88,24,57,35,1703,12,56,52,14,10118,10129,22,10106,2,4,24,80,11,6,82,98,22,61,11,29
289,13,25,50,10,0,24,90,19,137,77,24,177,11,30,24,42,26,1325,5,5,5,12,10146,10185,23,10123,3,23,3,83,18,6,86,97,1,59,18,21
231,31,33,50,8,20,1,90,11,189,138,1,229,17,119,6,24,15,1048,0,0,0,1,10233,10242,1,10213,24,60,9,75,3,7,79,84,8,70,16,19
283,29,32,60,15,10,20,120,15,196,127,24,244,15,96,24,66,41,1745,0,0,0,1,10212,10219,23,10204,17,58,23,83,12,5,75,97,23,54,15,32
297,13,18,40,13,0,22,70,11,199,119,3,273,14,88,24,126,78,2490,0,0,0,1,10215,10223,23,10211,2,15,1,83,19,2,69,97,4,40,15,45
297,13,18,40,13,0,22,70,11,199,119,3,273,14,88,24,126,78,2490,0,0,0,1,10215,10223,23,10211,2,15,1,83,19,2,69,97,4,40,15,45
9,20,24,40,19,10,17,60,9,211,169,6,267,13,166,24,83,52,2221,0,0,0,1,10187,10199,23,10177,2,1,24,80,12,4,82,98,4,59,13,41
249,17,25,50,13,0,2,80,13,187,135,24,234,15,106,24,24,15,1119,0,-1,-1,1,10191,10205,24,10183,4,2,1,75,17,6,83,98,1,70,18,20
279,6,17,30,8,0,6,60,16,184,101,5,241,14,76,6,62,39,1892,0,0,0,1,10202,10210,7,10189,24,25,1,82,11,6,74,98,3,48,13,33
216,47,48,80,9,20,20,130,9,164,125,24,202,14,89,24,35,23,1179,4,10,10,17,10103,10127,24,10086,3,65,3,80,14,5,83,94,24,67,14,20
210,43,46,70,9,10,1,120,9,182,91,1,232,16,67,6,63,41,1477,0,-1,-1,1,10236,10278,1,10186,24,65,1,82,9,4,79,95,1,63,9,26
309,20,26,50,12,10,3,100,12,122,57,24,175,15,48,24,100,67,1926,20,33,26,1,10222,10239,21,10209,4,50,5,83,11,4,76,97,3,48,13,30
264,7,20,50,15,0,20,90,11,164,104,24,232,14,92,24,62,45,1181,8,68,65,11,10219,10227,20,10209,2,10,5,82,14,5,85,98,5,60,16,20
217,27,31,60,10,10,1,100,10,167,100,1,220,14,86,6,46,34,1383,21,56,34,21,10194,10217,1,10180,24,10,1,82,14,7,79,97,1,54,12,24
23,38,40,50,4,20,18,100,10,162,134,19,206,13,113,24,54,43,1127,0,0,0,1,10177,10185,24,10170,16,56,4,83,15,6,79,94,1,58,16,19
23,38,40,50,4,20,18,100,10,162,134,19,206,13,113,24,54,43,1127,0,0,0,1,10177,10185,24,10170,16,56,4,83,15,6,79,94,1,58,16,19
186,28,39,60,12,20,19,100,12,169,115,6,257,14,94,24,94,78,1369,0,-1,-1,1,10175,10218,24,10147,13,61,6,82,14,2,72,94,18,42,14,24
342,11,14,30,11,0,5,70,17,65,-11,7,138,15,-25,6,57,51,875,0,-1,-1,1,10259,10266,7,10248,16,12,22,83,12,4,82,97,3,56,12,12
92,3,9,10,2,0,1,30,13,91,37,5,151,15,24,6,45,46,540,0,-1,-1,1,10312,10328,1,10303,18,18,5,75,11,7,89,98,3,69,14,8
227,30,33,40,1,20,8,90,13,61,34,24,102,13,23,24,21,22,315,38,30,18,14,10000,10028,1,9986,20,14,5,75,13,6,94,98,4,76,13,4
167,9,18,40,20,0,6,80,22,10,-29,8,38,16,-25,12,27,29,401,15,16,14,20,10090,10103,9,10062,24,0,5,62,15,7,95,100,3,85,15,4
